{"_typeName":"FontMetaData","_version":"VER3","glyphIndices":[{"_key":40,"_value":8},{"_key":96,"_value":64},{"_key":32,"_value":0},{"_key":53393,"_value":161},{"_key":33,"_value":1},{"_key":34,"_value":2},{"_key":35,"_value":3},{"_key":36,"_value":4},{"_key":37,"_value":5},{"_key":38,"_value":6},{"_key":53399,"_value":167},{"_key":39,"_value":7},{"_key":41,"_value":9},{"_key":49824,"_value":128},{"_key":42,"_value":10},{"_key":43,"_value":11},{"_key":53404,"_value":172},{"_key":14845090,"_value":121},{"_key":44,"_value":12},{"_key":45,"_value":13},{"_key":46,"_value":14},{"_key":49841,"_value":145},{"_key":47,"_value":15},{"_key":48,"_value":16},{"_key":49,"_value":17},{"_key":50,"_value":18},{"_key":51,"_value":19},{"_key":52,"_value":20},{"_key":53,"_value":21},{"_key":54,"_value":22},{"_key":55,"_value":23},{"_key":56,"_value":24},{"_key":57,"_value":25},{"_key":58,"_value":26},{"_key":59,"_value":27},{"_key":60,"_value":28},{"_key":61,"_value":29},{"_key":53653,"_value":158},{"_key":62,"_value":30},{"_key":63,"_value":31},{"_key":64,"_value":32},{"_key":14844051,"_value":118},{"_key":65,"_value":33},{"_key":66,"_value":34},{"_key":67,"_value":35},{"_key":68,"_value":36},{"_key":69,"_value":37},{"_key":70,"_value":38},{"_key":71,"_value":39},{"_key":72,"_value":40},{"_key":73,"_value":41},{"_key":53904,"_value":133},{"_key":74,"_value":42},{"_key":75,"_value":43},{"_key":14844062,"_value":100},{"_key":76,"_value":44},{"_key":77,"_value":45},{"_key":78,"_value":46},{"_key":79,"_value":47},{"_key":80,"_value":48},{"_key":81,"_value":49},{"_key":82,"_value":50},{"_key":83,"_value":51},{"_key":84,"_value":52},{"_key":85,"_value":53},{"_key":86,"_value":54},{"_key":87,"_value":55},{"_key":88,"_value":56},{"_key":89,"_value":57},{"_key":90,"_value":58},{"_key":91,"_value":59},{"_key":92,"_value":60},{"_key":93,"_value":61},{"_key":94,"_value":62},{"_key":95,"_value":63},{"_key":97,"_value":65},{"_key":98,"_value":66},{"_key":53652,"_value":154},{"_key":99,"_value":67},{"_key":100,"_value":68},{"_key":101,"_value":69},{"_key":102,"_value":70},{"_key":103,"_value":71},{"_key":104,"_value":72},{"_key":105,"_value":73},{"_key":106,"_value":74},{"_key":107,"_value":75},{"_key":108,"_value":76},{"_key":53654,"_value":147},{"_key":109,"_value":77},{"_key":110,"_value":78},{"_key":111,"_value":79},{"_key":112,"_value":80},{"_key":53658,"_value":124},{"_key":113,"_value":81},{"_key":14844064,"_value":102},{"_key":114,"_value":82},{"_key":53636,"_value":212},{"_key":115,"_value":83},{"_key":116,"_value":84},{"_key":117,"_value":85},{"_key":118,"_value":86},{"_key":119,"_value":87},{"_key":120,"_value":88},{"_key":121,"_value":89},{"_key":122,"_value":90},{"_key":123,"_value":91},{"_key":124,"_value":92},{"_key":53638,"_value":214},{"_key":125,"_value":93},{"_key":126,"_value":94},{"_key":127,"_value":95},{"_key":53378,"_value":96},{"_key":3499347073,"_value":97},{"_key":53639,"_value":215},{"_key":14844058,"_value":98},{"_key":53438,"_value":206},{"_key":14844060,"_value":115},{"_key":3501444225,"_value":99},{"_key":14844070,"_value":101},{"_key":14844065,"_value":103},{"_key":14844588,"_value":104},{"_key":14844080,"_value":105},{"_key":53385,"_value":106},{"_key":14844089,"_value":107},{"_key":3515075718,"_value":130},{"_key":53386,"_value":108},{"_key":3499805825,"_value":109},{"_key":53387,"_value":110},{"_key":53391,"_value":111},{"_key":3516320904,"_value":159},{"_key":53650,"_value":112},{"_key":14844056,"_value":113},{"_key":14844057,"_value":114},{"_key":14844061,"_value":116},{"_key":14844066,"_value":117},{"_key":14844052,"_value":119},{"_key":49816,"_value":120},{"_key":53657,"_value":122},{"_key":14844090,"_value":123},{"_key":3501902977,"_value":125},{"_key":53659,"_value":126},{"_key":53663,"_value":127},{"_key":3500395654,"_value":129},{"_key":53384,"_value":131},{"_key":49828,"_value":132},{"_key":49830,"_value":134},{"_key":49831,"_value":135},{"_key":3499478152,"_value":136},{"_key":49833,"_value":137},{"_key":53380,"_value":138},{"_key":49835,"_value":139},{"_key":53645,"_value":221},{"_key":49836,"_value":140},{"_key":49837,"_value":141},{"_key":49838,"_value":142},{"_key":3498495112,"_value":143},{"_key":49840,"_value":144},{"_key":53382,"_value":146},{"_key":53905,"_value":148},{"_key":49845,"_value":149},{"_key":49846,"_value":150},{"_key":49847,"_value":151},{"_key":3501575304,"_value":152},{"_key":53432,"_value":200},{"_key":14845078,"_value":153},{"_key":49851,"_value":155},{"_key":53656,"_value":156},{"_key":53381,"_value":157},{"_key":53392,"_value":160},{"_key":53394,"_value":162},{"_key":53395,"_value":163},{"_key":53396,"_value":164},{"_key":53397,"_value":165},{"_key":53398,"_value":166},{"_key":53400,"_value":168},{"_key":3499674758,"_value":169},{"_key":3501771910,"_value":201},{"_key":53402,"_value":170},{"_key":53403,"_value":171},{"_key":53405,"_value":173},{"_key":53406,"_value":174},{"_key":53407,"_value":175},{"_key":53408,"_value":176},{"_key":53409,"_value":177},{"_key":53410,"_value":178},{"_key":53411,"_value":179},{"_key":53412,"_value":180},{"_key":53413,"_value":181},{"_key":53414,"_value":182},{"_key":53415,"_value":183},{"_key":53416,"_value":184},{"_key":53417,"_value":185},{"_key":53418,"_value":186},{"_key":53419,"_value":187},{"_key":53420,"_value":188},{"_key":53421,"_value":189},{"_key":53422,"_value":190},{"_key":53423,"_value":191},{"_key":53424,"_value":192},{"_key":53425,"_value":193},{"_key":53426,"_value":194},{"_key":53427,"_value":195},{"_key":53428,"_value":196},{"_key":53429,"_value":197},{"_key":53430,"_value":198},{"_key":53431,"_value":199},{"_key":53434,"_value":202},{"_key":53435,"_value":203},{"_key":53436,"_value":204},{"_key":53437,"_value":205},{"_key":53439,"_value":207},{"_key":53632,"_value":208},{"_key":53633,"_value":209},{"_key":53634,"_value":210},{"_key":53635,"_value":211},{"_key":53637,"_value":213},{"_key":53640,"_value":216},{"_key":53641,"_value":217},{"_key":53642,"_value":218},{"_key":53643,"_value":219},{"_key":53644,"_value":220},{"_key":53646,"_value":222},{"_key":53647,"_value":223}]}
